,date,location,latitude,longitude,depth_km,earthquake_magnitude,tsunami_event_id,runup_count,max_water_height_m,min_source_dist_km,max_source_dist_km,unique_countries_count,countries
0,1985-03-03 22:47:09.500,"CHILE:  CENTRAL COAST, SAN ANTONIO, VALPARAISO",-33.132,-71.708,40.0,8.0,2158,61,3.5,6.872274618083443,18671.336543806945,7,"USA, ECUADOR, JAPAN, CHINA, FRENCH POLYNESIA, CHILE, RUSSIA"
1,1985-03-16 14:54:00.700,GUADELOUPE,17.013,-62.448,13.0,6.4,2159,1,0.12,136.59189109091457,136.59189109091457,1,GUADELOUPE (FRENCH TERRITORY)
2,1985-07-03 04:36:51.700,PAPUA NEW GUINEA:  NEW BRITAIN:  RABAUL,-4.439,152.828,46.0,7.2,2161,2,1.3,75.89775287435056,77.30616621861927,1,PAPUA NEW GUINEA
3,1985-09-19 13:17:47.300,MEXICO:  MICHOACAN:  MEXICO CITY,18.19,-102.533,28.0,8.1,2162,19,3.0,30.25703097351384,8381.201315808958,8,"USA TERRITORY, ECUADOR, EL SALVADOR, USA, MEXICO, SAMOA, FRENCH POLYNESIA, COSTA RICA"
4,1985-09-21 01:37:13.400,MEXICO:  SW COAST:  MEXICO CITY,17.802,-101.647,31.0,7.6,2163,3,1.2,14.950854331367754,2103.8805335348525,2,"MEXICO, COSTA RICA"
5,1986-05-07 22:47:10.800,ALASKA:  ALEUTIAN ISLANDS:  ADAK,51.52,-174.776,19.0,8.0,2164,65,0.88,133.89011872366882,13669.517436490114,13,"USA, CHILE, ECUADOR, USA TERRITORY, JAPAN, NEW ZEALAND, SAMOA, COOK ISLANDS, MICRONESIA, FED. STATES OF, PERU, CANADA, RUSSIA, FRENCH POLYNESIA"
6,1986-10-20 06:46:09.900,KERMADEC ISLANDS:  RAOUL,-28.117,-176.367,29.0,8.1,2166,8,0.11,1641.1973041655472,5829.768425713834,3,"USA TERRITORY, USA, FRENCH POLYNESIA"
7,1987-02-06 13:16:17.800,JAPAN:  EAST COAST HONSHU,36.988,141.689,48.0,6.3,2167,3,0.06,70.53091699299367,225.2757046686401,1,JAPAN
8,1987-02-08 18:33:58.300,"PAPUA NEW GUINEA:  HUON PENINSULA, UMBOI ISLAND",-6.088,147.689,55.0,7.6,2168,1,1.5,64.01978806048643,64.01978806048643,1,PAPUA NEW GUINEA
9,1987-03-05 09:17:05.200,"CHILE:  ANTOFAGASTA, ARICA",-24.388,-70.161,62.0,7.3,2169,6,0.11,304.352284321468,10408.486970069223,3,"CHILE, USA, MEXICO"
10,1987-03-18 03:36:30.300,"JAPAN:  KYUSHU:  MIYAZAKI, NAZE",32.034,131.837,54.0,6.7,2170,1,0.04,132.89222486415602,132.89222486415602,1,JAPAN
11,1987-03-24 12:49:47.000,JAPAN:  HONSHU ISLAND,37.447,137.865,23.0,5.1,2171,3,0.16,326.4944360832667,826.2972498119527,1,JAPAN
12,1987-10-06 04:19:06.000,TONGA ISLANDS,-17.94,-172.225,16.0,7.3,2174,2,0.12,437.4140807612042,457.85776129986175,2,"USA TERRITORY, SAMOA"
13,1987-10-12 13:57:04.700,PAPUA NEW GUINEA:  SOLOMON SEA,-7.288,154.371,25.0,6.8,2175,1,0.04,417.1187635313568,417.1187635313568,1,PAPUA NEW GUINEA
14,1987-10-16 20:48:01.600,"PAPUA NEW GUINEA:  NEW BRITAIN:  KANDRIAN, KIMBTE",-6.266,149.06,48.0,7.7,2176,1,0.07,413.2869713014,413.2869713014,1,PAPUA NEW GUINEA
15,1987-11-17 08:46:53.300,ALASKA:  GULF OF ALASKA,58.586,-143.27,10.0,7.2,2177,1,0.06,229.51483257438153,229.51483257438153,1,USA
16,1987-11-30 19:23:19.500,ALASKA:  YAKUTAT,58.679,-142.786,10.0,7.9,2179,10,0.43,199.97392782052455,4437.149511490863,1,USA
17,1988-02-05 14:01:02.700,CHILE:  TALTAL,-24.753,-70.433,37.0,6.7,2180,1,0.06,259.061712694688,259.061712694688,1,CHILE
18,1988-03-06 22:35:36.900,ALASKA:  GULF OF ALASKA:  ANCHORAGE,57.262,-142.747,15.0,7.8,2181,7,0.19,309.76379322139405,1529.6588056213086,1,USA
19,1988-06-24 02:06:26.300,PHILIPPINES:  LUZON:  LAOAG,18.606,121.013,53.0,5.4,2182,2,1.03,817.6044996369936,827.1117392012362,1,CHINA
20,1988-08-10 04:38:29.200,"SOLOMON ISLANDS:  SAN CRISTOBAL, GUADALCANAL",-10.258,160.896,36.0,7.6,2184,1,0.09,138.06407429144087,138.06407429144087,1,SOLOMON ISLANDS
21,1989-05-23 10:54:46.300,MACQUARIE ISLAND:  MACQUARIE STATION; NEW ZEALAND,-52.341,160.568,10.0,8.2,2185,1,0.1,2186.0191542766884,2186.0191542766884,1,AUSTRALIA
22,1989-06-26 03:27:03.900,HAWAIIAN ISLANDS:  PUNA DISTRICT,19.362,-155.083,9.0,6.1,2186,3,0.29,31.54771997011978,58.00190102503864,1,USA
23,1989-09-04 13:14:58.200,ALASKA,55.543,-156.835,11.0,6.9,2187,1,0.1,233.19424862746104,233.19424862746104,1,USA
24,1989-10-18 00:04:15.200,CALIFORNIA:  LOMA PRIETA,37.036,-121.883,19.0,6.9,2188,2,1.0,27.75195613096572,47.83199615386544,1,USA
25,1989-10-29 05:25:38.200,JAPAN:  N. HONSHU ISLAND,39.571,143.333,10.0,6.6,2189,4,0.11,116.26423945911772,212.5179329716696,1,JAPAN
26,1990-02-20 06:53:39.800,JAPAN:  NEAR S. COAST OF HONSHU,34.706,139.252,14.0,6.4,2191,1,0.16,14.726374089640332,14.726374089640332,1,JAPAN
27,1990-03-25 13:22:57.200,"COSTA RICA:  PUNTARENAS, SAN JOSE",9.907,-84.753,20.0,7.3,2192,2,1.0,11.000224794190094,83.21878397281442,1,COSTA RICA
28,1990-04-05 21:12:35.500,NORTHERN MARIANA ISLANDS:  SAIPAN; GUAM,15.125,147.596,11.0,7.5,2194,33,1.8,363.9480114279597,5990.2040932134305,4,"USA, USA TERRITORY, JAPAN, MICRONESIA, FED. STATES OF"
29,1990-09-23 21:13:07.400,"JAPAN:  W. OF BONIN ISLANDS, IZU IS.",33.267,138.643,10.0,6.5,2196,3,0.15,106.44659961663837,181.5152951448559,1,JAPAN
30,1990-12-13 19:50:17.800,TAIWAN:  HUA-LIEN,23.722,121.627,10.0,6.3,2198,2,0.04,267.10415794720825,389.9604078814743,1,JAPAN
31,1991-02-09 16:18:58.300,SOLOMON ISLANDS,-9.929,159.139,10.0,6.9,2199,1,0.02,105.2517425673426,105.2517425673426,1,SOLOMON ISLANDS
32,1991-02-16 01:23:40.400,RUSSIA:  KURIL ISLANDS,48.268,154.328,39.0,5.7,2200,1,0.1,758.9755778953106,758.9755778953106,1,RUSSIA
33,1991-02-21 02:35:34.000,BERING SEA,58.427,-175.45,20.0,6.7,2201,2,0.15,734.5882874917479,749.2517198089174,1,USA
34,1991-04-22 21:56:51.800,"COSTA RICA:  LIMON, PANDORA;  PANAMA",9.685,-83.073,10.0,7.6,2202,22,3.0,26.11838872497948,2168.840667918328,3,"PANAMA, USA TERRITORY, COSTA RICA"
35,1991-10-14 15:58:12.700,SOLOMON ISLANDS,-9.094,158.442,23.0,7.2,2205,2,0.15,170.32379825862645,877.3076083129708,2,"SOLOMON ISLANDS, PAPUA NEW GUINEA"
36,1992-04-25 18:06:04.200,"CALIFORNIA: HUMBOLDT COUNTY: FERNDALE, PETROLIA",40.368,-124.316,15.0,7.1,2208,13,0.9,45.09334421923938,3729.8149089818903,1,USA
37,1992-05-17 10:15:31.300,"PHILIPPINES:  MINDANAO, TANDAG, BISLIG",7.191,126.762,33.0,7.5,2209,3,6.0,22.00712565579765,26.53919103494618,1,PHILIPPINES
38,1992-07-18 08:36:58.700,JAPAN:  HONSHU ISLAND,39.419,143.33,29.0,7.0,2211,4,0.22,118.60751461010982,201.63870305169732,1,JAPAN
39,1992-09-02 00:16:03.300,NICARAGUA:  MASACHAPA; COSTA RICA,11.5,-87.609,30.0,7.6,2213,77,9.9,115.06529829210348,12460.630537004508,9,"ECUADOR, MEXICO, CHILE, USA, NICARAGUA, COSTA RICA, COOK ISLANDS, FRENCH POLYNESIA, JAPAN"
40,1992-12-12 05:29:26.300,"INDONESIA:  FLORES REGION, MAUMERE, BABI",-8.48,121.896,28.0,7.8,2214,89,26.2,12.962608874145545,875.2643245953591,1,INDONESIA
41,1993-02-07 13:27:42.000,"JAPAN:  HONSHU:  ISHIKAWA, TOYAMA, NIIGATA",37.634,137.245,11.0,6.3,2215,1,0.5,40.059104849859295,40.059104849859295,1,JAPAN
42,1993-06-08 13:03:36.400,RUSSIA:  KAMCHATKA,51.218,157.829,71.0,7.5,2218,6,0.1,207.88442938839356,5379.898814092757,3,"USA, USA TERRITORY, RUSSIA"
43,1993-07-12 13:17:11.900,JAPAN:  HOKKAIDO; RUSSIA:  SOUTHEAST; SOUTH KOREA,42.851,139.197,17.0,7.7,2219,181,32.0,59.323538737687635,1308.554883157491,4,"JAPAN, SOUTH KOREA, NORTH KOREA, RUSSIA"
44,1993-08-07 19:42:41.900,JAPAN,41.985,139.839,13.0,6.3,2220,1,0.16,27.685218026843614,27.685218026843614,1,JAPAN
45,1993-08-08 08:34:24.900,"GUAM:  TUMAN BAY, APRA HARBOR",12.982,144.801,59.0,7.8,2221,49,2.4,38.64629392454368,6464.742250272056,5,"USA, USA TERRITORY, MARSHALL ISLANDS, REP. OF, JAPAN, TAIWAN"
46,1993-11-13 01:18:04.100,RUSSIA:  KAMCHATKA,51.934,158.647,34.0,7.0,2222,1,0.05,120.47574688452322,120.47574688452322,1,RUSSIA
47,1994-01-21 02:24:29.900,INDONESIA:  KAU,1.015,127.733,20.0,7.0,2224,3,2.0,20.149269172135767,84.96927556541688,1,INDONESIA
48,1994-04-08 01:10:40.800,JAPAN:  OFF EAST COAST OF HONSHU ISLAND,40.608,143.683,13.0,6.4,2226,3,0.08,182.2456064478054,317.7226940336771,1,JAPAN
49,1994-06-02 18:17:34.000,INDONESIA:  JAVA,-10.477,112.835,18.0,7.8,2227,73,13.9,226.59470274619403,1598.6851572269688,2,"INDONESIA, AUSTRALIA"
50,1994-09-01 15:15:53.000,CALIFORNIA:  NORTH:  HONEYDEW,40.402,-125.68,10.0,7.0,2228,1,0.07,195.1127893431937,195.1127893431937,1,USA
51,1994-10-04 13:22:55.800,RUSSIA:  KURIL ISLANDS; JAPAN:  HOKKAIDO,43.773,147.321,14.0,8.3,2230,117,10.4,34.46600077991576,16528.954789454336,8,"RUSSIA, USA, USA TERRITORY, FRENCH POLYNESIA, CHILE, JAPAN, CANADA, VANUATU"
52,1994-10-08 21:44:07.200,INDONESIA:  HALMAHERA,-1.258,127.98,17.0,6.8,2231,1,3.0,38.9898512752654,38.9898512752654,1,INDONESIA
53,1994-10-09 07:55:39.500,RUSSIA:  KURIL ISLANDS,43.905,147.916,33.0,7.3,2232,2,0.12,202.00526943470555,304.93900718225547,1,JAPAN
54,1994-11-14 19:15:30.600,PHILIPPINES:  MINDORO,13.525,121.067,32.0,7.1,2234,54,7.29,4.066242391108014,131.84593960723498,1,PHILIPPINES
55,1994-12-28 12:19:23.000,JAPAN:  HONSHU,40.525,143.419,27.0,7.8,2235,13,0.5,156.32286209526333,698.0913698140148,1,JAPAN
56,1995-01-16 20:46:53.600,"JAPAN:  SW HONSHU:  KOBE, AWAJI-SHIMA, NISHINOMIYA",34.59,135.069,17.0,6.9,2236,2,0.34,14.686579563729763,25.605234339402113,1,JAPAN
57,1995-04-07 22:06:56.800,SAMOA:  APIA; AMERICAN SAMOA:  PAGO PAGO; NIUE,-15.199,-173.529,21.0,7.4,2240,3,0.09,322.3876681825142,12327.77498761074,3,"USA TERRITORY, NIUE, VANUATU"
58,1995-04-21 00:34:46.000,PHILIPPINES:  SAMAR,12.059,125.58,21.0,7.2,2241,1,0.05,232.5975921551082,232.5975921551082,1,PHILIPPINES
59,1995-05-14 11:33:21.100,"INDONESIA:  TIMOR, DILI, MALIANA, MAUBARA",-8.452,125.049,13.0,6.9,2245,2,4.0,53.84781011255588,58.379407142697275,1,EAST TIMOR
60,1995-05-16 20:12:44.200,NEW CALEDONIA:  NOUMEA; VANUATU:  PORT-VILA,-23.008,169.9,20.0,7.7,2246,9,8.0,311.02646811967185,3129.2340245948913,6,"SAMOA, FIJI, TONGA, USA TERRITORY, VANUATU, COOK ISLANDS"
61,1995-05-27 13:03:52.600,"RUSSIA:  SAKHALIN IS:  NEFTEGORSK, OKHA, MOSKALVO",52.629,142.827,11.0,7.1,2247,1,0.1,57.333161392436836,57.333161392436836,1,RUSSIA
62,1995-06-15 00:15:48.700,"GREECE:  AIYION, ERATINI",38.401,22.283,14.0,6.5,2248,2,1.0,5.773120315376777,24.223826042533503,1,GREECE
63,1995-07-30 05:11:23.600,"CHILE:  ANTOFAGASTA, CALAMA, MEJILLONES",-23.34,-70.294,46.0,8.0,2249,90,3.0,25.389523516560622,18440.086377879343,12,"USA, CHILE, MEXICO, AUSTRALIA, FRENCH POLYNESIA, TONGA, USA TERRITORY, VANUATU, SAMOA, FIJI, JAPAN, CANADA"
64,1995-08-16 10:27:28.600,"PAPUA NEW GUINEA:  RABAUL, KOKOPO, NEW BRITAIN",-5.799,154.178,30.0,7.7,2250,3,0.28,282.09906612194317,2201.262997437635,3,"PAPUA NEW GUINEA, MARSHALL ISLANDS, REP. OF, VANUATU"
65,1995-10-09 15:35:53.900,"MEXICO:  JALISCO, MANZANILLO, SAN PATRICIO MELAQUE",19.055,-104.205,33.0,8.0,2252,34,10.9,11.175559970745525,12165.842774897828,7,"ECUADOR, MEXICO, USA, FRENCH POLYNESIA, AUSTRALIA, USA TERRITORY, VANUATU"
66,1995-10-18 10:37:26.300,JAPAN:  RYUKU IS.,27.929,130.175,28.0,7.1,2253,41,2.59,43.99391815300374,1331.2103976104818,1,JAPAN
67,1995-10-19 02:41:36.100,JAPAN:  RYUKU IS.,28.094,130.148,20.0,6.8,2254,16,1.5,196.781814765116,1194.0030554850714,1,JAPAN
68,1995-11-01 00:35:32.700,CHILE:  NEAR CENTRAL COAST,-28.906,-71.417,20.0,6.7,2255,1,0.07,211.73830879294007,211.73830879294007,1,CHILE
69,1995-11-22 04:15:11.900,EGYPT:  NUWAYBI; SAUDI ARABIA; ISRAEL; JORDAN,28.826,34.799,10.0,7.2,2256,3,4.0,21.36615324787478,80.92615065802839,2,"ISRAEL, EGYPT"
70,1995-12-03 18:01:08.900,"RUSSIA:  KURIL ISLANDS:  ITURUP, MATUA, KUNASHIR",44.663,149.3,33.0,7.9,2257,38,0.23,331.8345439248065,9253.220005801672,6,"USA, USA TERRITORY, JAPAN, FRENCH POLYNESIA, CANADA, VANUATU"
71,1996-01-01 08:05:10.800,"INDONESIA:  SULAWESI: MINAHASSA PENINSULA, TOLITOLI",0.729,119.931,24.0,7.9,2259,16,3.43,20.141535994342092,38.73245914370274,1,INDONESIA
72,1996-02-17 05:59:30.500,"INDONESIA:  NEW GUINEA:  IRIAN JAYA:  BIAK, SUPIORI",-0.891,136.952,33.0,8.2,2260,110,7.7,67.88958125103281,11408.722979766915,5,"USA, INDONESIA, JAPAN, CANADA, TAIWAN"
73,1996-02-21 12:51:01.300,"PERU:  NORTHERN:  CHIMBOTE, CALLAO",-9.593,-79.587,10.0,7.5,2261,56,5.04,118.95617837264976,9054.34201559125,6,"PERU, CHILE, USA, MEXICO, ECUADOR, FRENCH POLYNESIA"
74,1996-02-25 03:08:15.800,MEXICO:  OFF COAST OF GUERRERO,15.978,-98.07,21.0,7.1,2262,1,0.06,2006.7344027052443,2006.7344027052443,1,ECUADOR
75,1996-06-10 04:03:35.400,ALASKA:  ANDREANOF ISLANDS,51.564,-177.632,33.0,7.9,2263,41,0.51,76.70423208534217,13455.552013647384,6,"USA, CHILE, USA TERRITORY, ECUADOR, JAPAN, VANUATU"
76,1996-06-10 15:24:56.000,ALASKA:  ANDREANOF ISLANDS,51.478,-176.847,24.0,7.3,2264,1,0.18,45.34435486029663,45.34435486029663,1,USA
77,1996-09-04 18:16:01.900,"HONSHU ISLAND, JAPAN",31.555,139.931,33.0,5.7,2265,14,0.2,172.0234027961372,1065.8277521335626,1,JAPAN
78,1996-09-05 08:14:14.400,CHILE:  EASTER ISLAND REGION,-22.118,-113.436,10.0,6.9,2266,2,0.09,688.0150076319613,3618.07267813848,1,CHILE
79,1996-10-18 10:50:20.800,JAPAN:  KYUSHU ISLAND,30.568,131.093,10.0,6.6,2267,1,0.17,20.348859826714826,20.348859826714826,1,JAPAN
80,1996-10-19 14:44:40.700,JAPAN:  KYUSHU ISLAND,31.885,131.468,22.0,6.7,2268,6,0.55,2.380379317431217,296.1498977589038,1,JAPAN
81,1996-11-12 16:59:44.000,"PERU:  CHINCHA ALTA, ACARI, NAZCA, MARCONA",-14.993,-75.675,33.0,7.7,2269,4,0.18,361.5548825364673,12129.841430927958,3,"PERU, CHILE, VANUATU"
82,1996-12-02 22:17:59.200,JAPAN:  KYUSHU,31.789,131.314,49.0,6.7,2270,4,0.12,24.84164907344722,314.1544207615176,1,JAPAN
83,1997-04-21 12:02:26.400,SOLOMON ISLANDS:  SANTA CRUZ ISLANDS; VANUATU,-12.584,166.676,33.0,7.7,2273,35,3.0,63.477301998530926,6575.269588218691,4,"TUVALU, FIJI, VANUATU, JAPAN"
84,1997-10-14 09:53:18.100,TONGA ISLANDS,-22.101,-176.772,167.0,7.7,2275,1,0.1,667.2371718621574,667.2371718621574,1,FIJI
85,1997-12-05 11:26:54.600,"RUSSIA:  KAMCHATKA:  UST-KAMCHATSK, PETROPAVLOVSK",54.841,162.035,33.0,7.8,2277,17,8.0,31.781389138808628,8065.49057076582,4,"USA, RUSSIA, USA TERRITORY, VANUATU"
86,1998-05-03 23:30:21.900,TAIWAN,22.306,125.308,33.0,7.5,2280,14,0.13,253.81139484610227,1987.9503358234815,2,"JAPAN, TAIWAN"
87,1998-07-17 08:49:16.100,PAPUA NEW GUINEA:  SISSANO,-2.943,142.582,25.0,7.0,2281,89,15.03,28.613951387122075,5396.967976822955,5,"JAPAN, PAPUA NEW GUINEA, NEW ZEALAND, MICRONESIA, FED. STATES OF, PALAU"
88,1999-08-17 00:01:39.100,"TURKEY:  ISTANBUL, KOCAELI, SAKARYA",40.76,29.97,13.0,7.6,2326,20,2.5,10.190362971331536,48.13173769279546,1,TURKEY
89,2000-05-04 04:21:16.200,"INDONESIA:  SULAWESI:  LUWUK, BANGGAI, PELENG,",-1.105,123.573,26.0,7.6,2338,2,6.0,30.088235699837615,62.7869465131348,1,INDONESIA
90,1999-11-26 13:21:15.500,VANUATU ISLANDS:  PENTECOST,-16.423,168.214,33.0,7.5,2339,52,6.6,30.21894449332697,9412.58964375044,13,"FIJI, VANUATU, TUVALU, NAURU, SAMOA, USA TERRITORY, NIUE, MARSHALL ISLANDS, REP. OF, FRENCH POLYNESIA, NEW ZEALAND, USA, JAPAN, TAIWAN"
91,2000-07-01 07:01:55.500,JAPAN:  NEAR S COAST HONSHU:  KOZU-SHIMA,34.221,139.131,10.0,6.1,2340,4,0.07,36.68445435738961,100.2462968750979,1,JAPAN
92,2000-06-18 14:44:13.300,"AUSTRALIA:  S, COCOS ISLANDS",-13.802,97.453,10.0,7.9,2341,1,0.3,196.13241220333484,196.13241220333484,1,AUSTRALIA
93,2000-11-16 04:54:55.900,"PAPUA NEW GUINEA:  NEW IRELAND, DUKE OF YORK",-4.001,152.327,17.0,8.0,2352,9,3.0,29.204044180120174,2313.153868299132,3,"PAPUA NEW GUINEA, SOLOMON ISLANDS, VANUATU"
94,2001-06-23 20:33:14.100,"PERU:  AREQUIPA, MOQUEGUA, TACNA, AYACUCHO",-16.265,-73.641,33.0,8.4,2373,135,8.77,5.097402409864089,17842.824014040267,17,"PERU, CHILE, ECUADOR, MEXICO, USA, USA TERRITORY, KIRIBATI, COOK ISLANDS, SAMOA, FIJI, TONGA, NEW ZEALAND, VANUATU, MARSHALL ISLANDS, REP. OF, RUSSIA, JAPAN, CANADA"
95,2002-03-05 21:16:09.100,PHILIPPINES:  MINDANAO,6.033,124.249,31.0,7.5,2394,2,3.0,20.670876170117737,41.49036611179864,1,PHILIPPINES
96,2002-03-31 06:52:50.400,TAIWAN:  TAIPEI,24.279,122.179,33.0,7.1,2396,7,0.2,66.9455743081647,219.26928527047423,2,"TAIWAN, JAPAN"
97,2002-01-02 17:22:48.700,"VANUATU ISLANDS:  EFATE, PORT VILA",-17.6,167.856,21.0,7.2,2397,2,3.0,50.60136984936808,50.91251579682153,1,VANUATU
98,2002-09-08 18:44:25.500,"PAPUA NEW GUINEA:  KAIRIRU IS, MUSCHU IS, WEWAK",-3.26,142.94,13.0,7.6,2398,80,5.5,9.178643419411024,4238.616011663203,4,"JAPAN, MICRONESIA, FED. STATES OF, PAPUA NEW GUINEA, USA TERRITORY"
99,2003-01-20 08:43:06.000,"SOLOMON ISLANDS:  HONIARA, SAN CRISTOBAL",-10.491,160.77,33.0,7.3,2401,2,2.0,81.3078913006509,147.59498181883043,1,SOLOMON ISLANDS
100,2003-01-22 02:06:34.600,"MEXICO:  VILLA DE ALVAREZ, COLIMA, TECOMAN, JALISCO",18.77,-104.104,24.0,7.5,2402,6,0.61,39.27595047232999,4109.1980507763965,2,"MEXICO, CANADA"
101,2003-05-21 18:44:20.100,"ALGERIA:  ALGIERS, BOUMERDES, REGHIA, THENIA",36.964,3.634,12.0,6.8,2403,23,3.0,54.25270245049822,939.4131535911991,4,"SPAIN, FRANCE, ITALY, ALGERIA"
102,2001-12-18 04:02:58.200,TAIWAN,23.954,122.734,14.0,6.8,2404,6,0.16,59.157957091824294,151.5758601348648,2,"JAPAN, TAIWAN"
103,2003-09-25 19:50:06.300,JAPAN:  HOKKAIDO,41.815,143.91,27.0,8.3,2406,234,4.4,55.85303834115931,7900.595593611365,4,"JAPAN, USA, USA TERRITORY, CANADA"
104,2003-10-31 01:06:28.200,JAPAN:  EAST COAST HONSHU,37.812,142.619,10.0,7.0,2428,4,0.32,112.15575102976504,211.3970173244141,1,JAPAN
105,2003-11-17 06:43:06.800,ALASKA:  ALEUTIAN ISLANDS:  RAT ISLANDS,51.146,178.65,33.0,7.8,2429,20,0.33,337.0939253709312,14894.046035839578,3,"USA, KIRIBATI, CHILE"
106,2004-09-05 10:07:07.800,JAPAN:  HONSHU:  W COAST: KYOTO,33.07,136.618,14.0,7.2,2436,12,0.63,85.46837471077414,852.8424515300428,1,JAPAN
107,2004-09-05 14:57:18.600,"JAPAN:  HONSHU:  W COAST: KYOTO, WAKAYAMA, SAKAI",33.184,137.071,10.0,7.4,2437,24,0.93,116.2923112545309,836.0626359024583,1,JAPAN
108,2004-12-26 00:58:53.500,INDONESIA:  SUMATRA:  ACEH:  OFF WEST COAST,3.295,95.982,30.0,9.1,2439,1974,50.9,56.626249905276325,19265.83039667312,46,"PERU, CHILE, USA TERRITORY, VANUATU, USA, MEXICO, RUSSIA, AUSTRALIA, NEW ZEALAND, INDIA, NEW CALEDONIA, TONGA, FIJI, FRENCH POLYNESIA, EL SALVADOR, ECUADOR, CANADA, SEYCHELLES, KENYA, INDONESIA, THAILAND, MALDIVES, SRI LANKA, OMAN, MAURITIUS, TANZANIA, UK TERRITORY, SOUTH AFRICA, BERMUDA (UK TERRITORY), UK, ANTARCTICA, FRANCE, MALAYSIA, BRAZIL, MYANMAR (BURMA), COMOROS, SOMALIA, MADAGASCAR, REUNION (FRENCH TERRITORY), FRENCH SOUTHERN AND ANTARCTIC TERRITORIES, YEMEN, GHANA, ARGENTINA, BANGLADESH, IRAN, URUGUAY"
109,2005-01-19 06:11:36.400,JAPAN:  EAST COAST HONSHU,34.064,141.491,28.0,6.6,2466,11,0.39,179.20304815419718,534.0638452656699,1,JAPAN
110,2005-03-28 16:09:36.500,INDONESIA:  SUMATERA:  SW,2.085,97.108,30.0,8.6,2487,67,4.2,1.3119226172848033,7093.298977809064,9,"INDONESIA, SRI LANKA, MALDIVES, MAURITIUS, SEYCHELLES, OMAN, KENYA, AUSTRALIA, REUNION (FRENCH TERRITORY)"
111,2005-04-10 10:29:11.200,INDONESIA:  PADANG,-1.644,99.607,19.0,6.7,2507,1,0.4,111.3787329054324,111.3787329054324,1,INDONESIA
112,2005-06-15 02:50:53.100,CALIFORNIA:  OFF COAST NORTHERN,41.301,-125.97,10.0,7.2,2547,5,0.1,157.03247892386366,872.6529640486531,2,"USA, CANADA"
113,2005-08-16 02:46:28.400,JAPAN:  EAST COAST HONSHU,38.276,142.039,36.0,7.2,2548,1,0.05,42.95486832730056,42.95486832730056,1,JAPAN
114,1994-06-03 21:06:59.800,INDONESIA:  JAVA,-10.362,112.892,26.0,6.6,2592,1,3.7,307.5529555794921,307.5529555794921,1,INDONESIA
115,1994-06-05 01:45:02.700,INDONESIA:  JAVA,-10.341,113.369,17.0,6.1,2593,1,3.0,228.71919704887213,228.71919704887213,1,INDONESIA
116,2004-11-21 11:41:07.700,"GUADELOUPE:  BASSE-TERRE, LES SAINTES",15.679,-61.706,14.0,6.3,2693,2,2.0,21.752912533872458,23.94092735185075,1,GUADELOUPE (FRENCH TERRITORY)
117,2006-05-03 15:26:40.200,TONGA ISLANDS,-20.187,-174.123,55.0,7.9,2749,40,0.27,152.48198902147178,10368.616390950516,16,"USA TERRITORY, NIUE, TONGA, SAMOA, COOK ISLANDS, FIJI, FRENCH POLYNESIA, VANUATU, NEW CALEDONIA, NEW ZEALAND, USA, JAPAN, CANADA, COSTA RICA, MEXICO, AUSTRALIA"
118,2006-07-17 08:19:26.000,INDONESIA:  JAVA,-9.284,107.419,20.0,7.7,2832,182,20.9,181.21782147811695,5727.11043709753,5,"INDONESIA, AUSTRALIA, MALDIVES, MAURITIUS, REUNION (FRENCH TERRITORY)"
119,2006-03-14 06:57:33.800,INDONESIA:  SERAM,-3.595,127.214,30.0,6.7,2875,1,3.5,34.99387516026935,34.99387516026935,1,INDONESIA
120,2004-11-28 18:32:14.100,"JAPAN:  HOKKAIDO:  BEKKAI, KUSHIRO, NEMOURO",43.006,145.119,39.0,7.0,2921,2,0.12,47.40095960345668,61.062382357735984,1,JAPAN
121,2000-04-05 04:36:58.800,GREECE:  CRETE,34.22,25.69,38.0,5.5,2922,1,0.5,132.62440880839154,132.62440880839154,1,GREECE
122,2003-08-21 12:12:49.700,"NEW ZEALAND:  DUNEDIN,INVERCARGILL,TE ANAU,FIORDLAND",-45.104,167.144,28.0,7.2,2953,3,4.0,4.0285847306871165,1817.6265261774347,2,"NEW ZEALAND, AUSTRALIA"
123,2006-09-28 06:22:09.700,SAMOA ISLANDS,-16.592,-172.033,28.0,6.9,2972,1,0.08,294.01820332753823,294.01820332753823,1,USA TERRITORY
124,2004-11-02 10:02:12.800,CANADA:  VANCOUVER ISLAND,49.277,-128.772,10.0,6.6,3012,2,0.06,208.73968142337353,270.1163015369549,1,CANADA
125,2004-11-11 21:26:41.100,INDONESIA:  KEPULAUAN ALOR,-8.152,124.868,10.0,7.5,3013,2,2.0,53.104570422152065,88.97424785109142,2,"INDONESIA, EAST TIMOR"
126,2004-12-23 14:59:04.400,AUSTRALIA:  MACQUARIE ISLAND,-49.312,161.345,10.0,8.1,3014,5,0.12,604.4564015896192,3556.1447642105054,3,"NEW ZEALAND, AUSTRALIA, VANUATU"
127,2003-12-27 16:00:59.000,NEW CALEDONIA:  LOYALTY ISLANDS,-22.015,169.766,10.0,7.3,3015,1,0.08,495.6599773189812,495.6599773189812,1,VANUATU
128,2006-11-15 11:14:13.500,RUSSIA:  KURIL ISLANDS,46.592,153.266,10.0,8.3,3016,243,21.9,97.09452058840952,16277.070284316987,23,"USA, JAPAN, USA TERRITORY, MARSHALL ISLANDS, REP. OF, PAPUA NEW GUINEA, TUVALU, SOLOMON ISLANDS, KIRIBATI, SAMOA, NIUE, COOK ISLANDS, FRENCH POLYNESIA, ECUADOR, TONGA, VANUATU, PERU, CHILE, NAURU, FIJI, NEW ZEALAND, RUSSIA, CANADA, MEXICO"
129,2006-10-15 17:07:49.200,HAWAIIAN ISLANDS,19.878,-155.935,39.0,6.7,3017,1,0.1,20.769728775660475,20.769728775660475,1,USA
130,2007-01-13 04:23:21.100,RUSSIA:  KURIL ISLANDS,46.243,154.524,10.0,8.1,3019,47,0.41,661.6584263035784,15967.680640665812,11,"JAPAN, USA, USA TERRITORY, CHILE, COOK ISLANDS, MARSHALL ISLANDS, REP. OF, PERU, RUSSIA, COSTA RICA, CANADA, VANUATU"
131,1997-09-30 06:27:24.700,JAPAN:  HONSHU:  S,31.959,141.878,10.0,6.2,3034,1,0.03,540.1434643618094,540.1434643618094,1,JAPAN
132,2007-03-25 00:41:57.800,JAPAN:  HONSHU:  W COAST,37.336,136.588,8.0,6.7,3035,3,0.11,52.974418472023466,85.31815257589477,1,JAPAN
133,2007-04-01 20:39:56.300,SOLOMON ISLANDS,-8.466,157.043,24.0,8.1,3037,205,12.1,21.452169937122072,10125.32959228966,11,"SOLOMON ISLANDS, VANUATU, PAPUA NEW GUINEA, AUSTRALIA, FIJI, MARSHALL ISLANDS, REP. OF, USA TERRITORY, TONGA, NEW ZEALAND, USA, NEW CALEDONIA"
134,2007-03-25 00:40:01.600,VANUATU ISLANDS,-20.617,169.357,34.0,7.1,3038,2,0.08,335.442634796347,1597.1133124020555,2,"VANUATU, SOLOMON ISLANDS"
135,2007-04-21 17:53:46.300,CHILE:  SOUTHERN,-45.243,-72.648,37.0,6.2,3044,4,50.0,14.752262534252564,39.80625372700355,1,CHILE
136,2007-08-02 02:37:42.300,RUSSIA:  TATAR STRAIT,47.116,141.798,5.0,6.2,3155,18,3.2,19.804473283198263,437.6181861628464,2,"JAPAN, RUSSIA"
137,2007-08-02 03:21:42.800,ALASKA:  ALEUTIAN ISLANDS,51.307,-179.971,21.0,6.7,3156,1,0.03,51.26901153610255,51.26901153610255,1,USA
138,2007-08-15 23:40:57.800,"PERU:  ICA, PISCO, LIMA",-13.386,-76.603,39.0,8.0,3168,123,10.05,35.453110824763414,17529.886126020603,14,"CHILE, FRENCH POLYNESIA, ECUADOR, USA, MEXICO, USA TERRITORY, NEW ZEALAND, PERU, SAMOA, TONGA, VANUATU, MARSHALL ISLANDS, REP. OF, JAPAN, PHILIPPINES"
139,2007-09-12 11:10:26.800,INDONESIA:  SUMATRA,-4.438,101.367,34.0,8.4,3228,55,5.0,117.0291042537266,6721.2800951480995,12,"INDONESIA, AUSTRALIA, THAILAND, UK TERRITORY, KENYA, MALDIVES, MAURITIUS, OMAN, SEYCHELLES, SRI LANKA, INDIA, REUNION (FRENCH TERRITORY)"
140,2007-09-30 05:23:34.000,NEW ZEALAND:  AUCKLAND ISLANDS,-49.418,163.954,10.0,7.4,3248,7,0.35,374.99782367415423,1974.7735668616513,2,"AUSTRALIA, NEW ZEALAND"
141,2007-11-14 15:40:50.500,"CHILE:  TOCOPILLA, MARIA ELENA",-22.247,-69.89,40.0,7.7,3293,7,0.13,164.0717955507193,12296.354532096124,3,"CHILE, PERU, VANUATU"
142,2008-02-25 08:36:33.000,INDONESIA:  SUMATRA:  PADANG,-2.486,99.972,25.0,6.5,3382,1,0.12,170.1212390419255,170.1212390419255,1,INDONESIA
143,2008-04-09 12:46:12.700,NEW CALEDONIA:  LOYALTY ISLANDS,-20.071,168.892,33.0,7.3,3505,1,0.15,263.6133201771578,263.6133201771578,1,VANUATU
144,1986-11-14 21:20:10.500,"TAIWAN:  TAIPEI, HUALIEN",23.901,121.574,34.0,7.8,3507,3,0.3,267.9060169210713,666.06506539924,1,JAPAN
145,2000-07-15 01:30:30.500,JAPAN:  NEAR S COAST HONSHU:  NII-JIMA,34.319,139.26,10.0,6.1,3508,1,0.07,52.696115998107885,52.696115998107885,1,JAPAN
146,2000-07-30 12:25:45.500,JAPAN:  HONSHU:  S,33.901,139.376,10.0,6.5,3509,1,0.14,20.89962137409151,20.89962137409151,1,JAPAN
147,2008-07-19 02:39:28.700,JAPAN:  OFF EAST COAST OF HONSHU ISLAND,37.552,142.214,22.0,6.9,3558,3,0.2,104.08459993562468,135.3210725195337,1,JAPAN
148,2008-09-11 00:20:50.900,JAPAN:  HOKKAIDO,41.892,143.754,25.0,6.8,3589,1,0.09,87.25628161832249,87.25628161832249,1,JAPAN
149,2007-09-02 01:05:18.100,SOLOMON ISLANDS:  SANTA CRUZ ISLANDS,-11.61,165.762,35.0,7.2,3598,2,0.05,679.8305955393542,733.0988946388317,2,"VANUATU, SOLOMON ISLANDS"
150,2007-12-09 07:28:20.800,KERMADEC ISLANDS,-25.996,-177.514,153.0,7.8,3599,1,0.03,966.0532969985876,966.0532969985876,1,FIJI
151,2003-05-27 17:11:28.800,"ALGERIA:  ALGIERS, BOUMERDES, REGHAIA",36.939,3.578,8.0,5.7,3618,2,0.08,301.393409336997,333.43951257919053,1,SPAIN
152,2006-12-26 12:26:21.100,TAIWAN:  PINGTUNG,21.799,120.547,10.0,7.0,3622,6,0.3,26.82805452587422,648.7095025570635,2,"CHINA, TAIWAN"
153,2008-11-16 17:02:32.700,INDONESIA:  MINAHASSA PENINSULA,1.271,122.091,30.0,7.3,3623,2,0.13,145.28726276406547,460.1869600277263,1,INDONESIA
154,2009-01-03 19:43:50.600,PAPUA NEW GUINEA:  NEAR NORTH COAST,-0.414,132.885,17.0,7.6,3647,22,0.39,142.44935701243782,11523.32555687575,10,"MICRONESIA, FED. STATES OF, PALAU, USA TERRITORY, JAPAN, INDONESIA, USA, MARSHALL ISLANDS, REP. OF, KIRIBATI, VANUATU, RUSSIA"
155,2009-01-15 17:49:39.000,RUSSIA:  KURIL ISLANDS,46.857,155.154,36.0,7.4,3691,10,0.11,431.50280002928946,6387.281033491971,4,"USA, JAPAN, USA TERRITORY, RUSSIA"
156,2009-02-11 17:34:50.800,INDONESIA:  KEPULAUAN TALAUD,3.884,126.397,22.0,7.2,3692,1,0.13,370.61363493504626,370.61363493504626,1,PHILIPPINES
157,2009-03-19 18:17:40.900,TONGA ISLANDS,-23.046,-174.659,34.0,7.6,4312,27,0.15,218.04681918044827,10541.269772547306,12,"NIUE, TONGA, FIJI, COOK ISLANDS, NEW ZEALAND, VANUATU, FRENCH POLYNESIA, USA, ECUADOR, PERU, CHILE, USA TERRITORY"
158,2009-05-28 08:24:45.000,HONDURAS:  NORTHERN; BELIZE,16.72,-86.236,10.0,7.3,4356,1,4.0,239.817122893774,239.817122893774,1,GUATEMALA
159,2009-07-15 09:22:29.000,NEW ZEALAND:  OFF WEST COAST OF SOUTH ISLAND,-45.762,166.562,12.0,7.8,4376,7,0.55,173.68910485797136,1824.342388214426,2,"NEW ZEALAND, AUSTRALIA"
160,2009-08-10 20:07:09.100,JAPAN:  HONSHU:  S COAST,34.743,138.264,40.0,6.4,4418,5,0.6,15.135938874923124,203.38334668731585,1,JAPAN
161,2009-09-29 17:48:10.900,SAMOA ISLANDS,-15.489,-172.095,18.0,8.1,4440,592,22.35,165.4313942348182,10672.038030562657,24,"FRENCH POLYNESIA, TONGA, COOK ISLANDS, SAMOA, USA TERRITORY, FIJI, NEW ZEALAND, VANUATU, KIRIBATI, USA, MICRONESIA, FED. STATES OF, AUSTRALIA, JAPAN, CHILE, RUSSIA, TUVALU, SOLOMON ISLANDS, MEXICO, CANADA, ECUADOR, PERU, ANTARCTICA, WALLIS AND FUTUNA (FRENCH TERRITORY), NEW CALEDONIA"
162,2009-09-30 10:16:09.200,INDONESIA:  SUMATRA:  PADANG,-0.72,99.867,81.0,7.5,4441,1,0.27,65.01527768497003,65.01527768497003,1,INDONESIA
163,2009-10-07 22:03:14.400,VANUATU ISLANDS,-13.006,166.51,45.0,7.6,4442,37,0.29,287.1588690430554,12819.366323580583,15,"VANUATU, USA, USA TERRITORY, PAPUA NEW GUINEA, SOLOMON ISLANDS, FIJI, TUVALU, MARSHALL ISLANDS, REP. OF, TONGA, SAMOA, FRENCH POLYNESIA, MEXICO, AUSTRALIA, CANADA, CHILE"
164,2009-08-16 07:38:21.700,INDONESIA:  SUMATRA:  PADANG,-1.479,99.49,20.0,6.7,4482,1,0.18,112.06854186792148,112.06854186792148,1,INDONESIA
165,2010-01-03 21:48:05.300,SOLOMON ISLANDS,-8.743,157.477,26.0,6.6,4522,1,0.01,282.77787413570667,282.77787413570667,1,SOLOMON ISLANDS
166,2010-01-03 22:36:27.900,SOLOMON ISLANDS,-8.799,157.346,25.0,7.1,4523,50,7.52,9.667419198933,1736.4571521363882,3,"SOLOMON ISLANDS, VANUATU, AUSTRALIA"
167,2010-01-05 12:15:32.200,SOLOMON ISLANDS,-9.019,157.551,15.0,6.8,4542,1,0.03,268.037057421158,268.037057421158,1,SOLOMON ISLANDS
168,2004-02-11 08:15:03.800,"JORDAN:  MA'IN; ISRAEL:  JERUSALEM, PETAH-TIQWA",31.675,35.551,27.0,5.3,4562,1,1.0,11.288389268369944,11.288389268369944,1,ISRAEL
169,2010-01-12 21:53:10.000,HAITI:  PORT-AU-PRINCE,18.457,-72.533,13.0,7.0,4622,22,3.21,14.12278703703525,832.8819561108244,3,"DOMINICAN REPUBLIC, USA TERRITORY, HAITI"
170,2010-02-27 06:34:11.500,"CHILE:  MAULE, CONCEPCION, TALCAHUANO",-36.122,-72.898,22.0,8.8,4682,667,29.0,8.365056659151877,18895.05329045031,23,"CHILE, PERU, ECUADOR, COSTA RICA, USA, FRENCH POLYNESIA, NEW ZEALAND, USA TERRITORY, COOK ISLANDS, MEXICO, TONGA, JAPAN, VANUATU, SAMOA, CANADA, RUSSIA, ANTARCTICA, PHILIPPINES, PAPUA NEW GUINEA, CHINA, EL SALVADOR, COLOMBIA, TAIWAN"
171,2010-03-11 14:39:43.900,CHILE:  RANCAGUA,-34.29,-71.891,11.0,6.9,4722,2,0.14,82.5227696287447,142.12374709405157,1,CHILE
172,2010-04-06 22:15:01.500,INDONESIA:  SUMATRA,2.383,97.048,31.0,7.8,4763,6,0.44,206.32574989927585,1186.4171757351442,2,"INDONESIA, THAILAND"
173,2010-06-12 19:26:50.400,INDIA:  LITTLE NICOBAR ISLAND,7.881,91.936,35.0,7.5,4902,2,0.03,316.28258139441476,1181.6763248817767,2,"SRI LANKA, INDIA"
174,2010-08-10 05:23:44.900,VANUATU ISLANDS,-17.541,168.069,25.0,7.2,5222,1,0.23,34.7002541361299,34.7002541361299,1,VANUATU
175,2010-10-25 14:42:22.000,INDONESIA:  SUMATRA,-3.487,100.082,20.0,7.8,5342,346,16.86,35.42937097990027,5227.052330030669,8,"INDONESIA, AUSTRALIA, MAURITIUS, UK TERRITORY, MALDIVES, SEYCHELLES, SRI LANKA, REUNION (FRENCH TERRITORY)"
176,2010-08-13 21:19:33.000,"GUAM, NORTHERN MARIANA ISLANDS",12.484,141.476,10.0,6.9,5343,1,0.07,551.9860219885968,551.9860219885968,1,USA TERRITORY
177,2010-12-21 17:19:40.600,JAPAN:  BONIN ISLANDS,26.901,143.698,14.0,7.4,5402,4,0.13,1224.3437945356843,1824.8017971786117,2,"JAPAN, USA TERRITORY"
178,2010-12-25 13:16:37.000,VANUATU ISLANDS,-19.702,167.947,16.0,7.3,5403,12,4.1,136.9450851941153,3154.150286066106,3,"VANUATU, FIJI, AUSTRALIA"
179,2011-02-11 20:05:30.700,CHILE:  OFF COAST CENTRAL,-36.474,-73.125,28.0,6.8,5406,1,0.15,24.614590064971768,24.614590064971768,1,CHILE
180,2011-03-09 02:45:20.000,JAPAN:  HONSHU:  E COAST,38.435,142.842,32.0,7.3,5412,24,0.24,114.85302451458116,1259.1993121377582,1,JAPAN
181,2011-03-11 05:46:24.100,JAPAN:  HONSHU,38.297,142.373,29.0,9.1,5413,6034,39.26,68.92513033192681,18255.770651665294,35,"JAPAN, PAPUA NEW GUINEA, KIRIBATI, NAURU, USA, USA TERRITORY, PHILIPPINES, MARSHALL ISLANDS, REP. OF, MICRONESIA, FED. STATES OF, RUSSIA, CANADA, VANUATU, FIJI, CHILE, SOLOMON ISLANDS, NEW ZEALAND, FRENCH POLYNESIA, TONGA, COOK ISLANDS, INDONESIA, MEXICO, PERU, ECUADOR, EL SALVADOR, AUSTRALIA, COSTA RICA, PALAU, SAMOA, PANAMA, ANTARCTICA, BRAZIL, CHINA, NORWAY, NEW CALEDONIA, COLOMBIA"
182,2011-01-09 10:03:44.200,VANUATU ISLANDS,-19.157,168.311,24.0,6.5,5419,1,0.03,155.14852926719217,155.14852926719217,1,VANUATU
183,2011-04-07 14:32:43.200,JAPAN: NEAR E COAST HONSHU,38.276,141.588,42.0,7.1,5429,1,0.08,83.45765986686541,83.45765986686541,1,JAPAN
184,2011-07-06 19:03:18.200,NEW ZEALAND: KERMADEC ISLANDS,-29.539,-176.34,17.0,7.6,5430,24,1.2,153.56416037260954,10317.710794270566,12,"NEW ZEALAND, CHILE, VANUATU, FRENCH POLYNESIA, USA, PHILIPPINES, COOK ISLANDS, MARSHALL ISLANDS, REP. OF, ECUADOR, PERU, FIJI, NEW CALEDONIA"
185,2011-07-10 00:57:10.800,JAPAN:  HONSHU:  E COAST,38.034,143.264,23.0,7.0,5431,3,0.06,171.27663890993213,203.1565338184548,1,JAPAN
186,2011-06-24 03:09:39.400,ALASKA: ALEUTIAN ISLANDS: FOX ISLANDS,52.05,-171.836,52.0,7.3,5432,7,0.1,224.41647706071515,3872.007973397097,2,"USA, USA TERRITORY"
187,2011-08-20 18:19:23.500,VANUATU ISLANDS,-18.311,168.218,28.0,7.0,5436,1,0.15,62.23433032407617,62.23433032407617,1,VANUATU
188,2011-08-20 16:55:02.800,VANUATU ISLANDS,-18.365,168.143,32.0,7.1,5437,4,0.19,69.69854523302803,428.59325988757615,2,"VANUATU, NEW CALEDONIA"
189,2011-09-02 10:55:53.500,ALASKA:  ALEUTIAN ISLANDS:  FOX ISLANDS,52.171,-171.708,32.0,6.8,5438,1,0.06,168.5892945185104,168.5892945185104,1,USA
190,2011-10-21 17:57:16.100,KERMADEC ISLANDS,-28.993,-176.238,33.0,7.4,5439,3,0.14,164.29265819702584,1881.93572907255,2,"NEW ZEALAND, NEW CALEDONIA"
191,2012-02-02 13:34:40.600,VANUATU ISLANDS,-17.827,167.133,23.0,7.0,5442,1,0.08,124.8045423097031,124.8045423097031,1,VANUATU
192,2012-03-14 09:08:35.100,JAPAN:  HOKKAIDO,40.887,144.944,12.0,6.9,5446,2,0.2,270.5577506366503,290.88821471669155,1,JAPAN
193,2012-03-20 18:02:47.400,"MEXICO:  GUERRERO, OAXACA",16.493,-98.231,20.0,7.4,5447,2,0.2,182.3954277315701,449.33347071723733,1,MEXICO
194,2012-04-11 08:38:36.700,INDONESIA:  N SUMATRA:  OFF WEST COAST,2.327,93.063,20.0,8.6,5449,25,1.08,394.7378730472397,4855.260531857205,11,"MALDIVES, INDONESIA, THAILAND, SRI LANKA, AUSTRALIA, INDIA, SEYCHELLES, MAURITIUS, REUNION (FRENCH TERRITORY), BANGLADESH, MYANMAR (BURMA)"
195,2012-04-11 10:43:10.800,INDONESIA:  N SUMATRA:  OFF WEST COAST,0.802,92.463,25.0,8.2,5450,4,0.22,727.9003596997559,2241.592205193066,4,"INDONESIA, MALDIVES, THAILAND, INDIA"
196,2012-04-14 22:05:26.400,VANUATU ISLANDS,-18.972,168.741,11.0,6.3,5451,1,0.05,264.34355345507663,264.34355345507663,1,NEW CALEDONIA
197,2012-08-27 04:37:19.400,NICARAGUA:  OFF THE COAST,12.139,-88.59,28.0,7.3,5462,37,6.3,116.45769001397451,11108.912184363586,6,"EL SALVADOR, MEXICO, ECUADOR, CHILE, NEW ZEALAND, NICARAGUA"
198,2012-08-31 12:47:33.300,"PHILIPPINES:  CAGAYAN DE ORO, TACLOBAN",10.811,126.638,28.0,7.6,5463,16,0.15,407.2641673892333,6128.3703535285795,5,"PHILIPPINES, PALAU, USA TERRITORY, MICRONESIA, FED. STATES OF, JAPAN"
199,2012-09-05 14:42:07.800,COSTA RICA:  NICOYA,10.085,-85.315,35.0,7.6,5464,2,0.16,1286.7453096608924,1320.2100992025971,1,ECUADOR
200,2012-10-28 03:04:08.900,CANADA:  QUEEN CHARLOTTE ISLANDS,52.788,-132.101,14.0,7.7,5467,166,12.98,3.697208123783008,13498.00747802043,16,"USA, CANADA, JAPAN, TUVALU, NEW ZEALAND, NEW CALEDONIA, FRENCH POLYNESIA, SOLOMON ISLANDS, USA TERRITORY, KIRIBATI, CHILE, SAMOA, PAPUA NEW GUINEA, AUSTRALIA, COOK ISLANDS, VANUATU"
201,2012-11-07 16:35:46.900,"GUATEMALA:  SAN MARCOS, SAN CRISTOBAL COCHU",13.988,-91.895,24.0,7.3,5468,7,0.35,96.18682634661016,6861.078126510606,4,"USA, MEXICO, EL SALVADOR, ECUADOR"
202,2012-12-07 08:18:23.100,JAPAN:  HONSHU:  MIYAGI PREFECTURE,37.89,143.949,31.0,7.2,5469,1,1.0,242.2334774265036,242.2334774265036,1,JAPAN
203,2013-01-05 08:58:19.300,ALASKA:  SOUTHEASTERN,55.393,-134.652,10.0,7.5,5472,6,1.5,95.0401870677814,329.5119975613782,2,"USA, CANADA"
204,2013-02-06 01:12:25.800,SOLOMON ISLANDS:  SANTA CRUZ ISLANDS,-10.799,165.114,24.0,7.9,5476,95,11.0,70.64681625658567,13136.39149080401,24,"VANUATU, NEW CALEDONIA, SOLOMON ISLANDS, PAPUA NEW GUINEA, KIRIBATI, FIJI, SAMOA, USA TERRITORY, MICRONESIA, FED. STATES OF, NEW ZEALAND, AUSTRALIA, TONGA, USA, JAPAN, FRENCH POLYNESIA, ECUADOR, PERU, CHILE, COSTA RICA, MEXICO, RUSSIA, PHILIPPINES, MARSHALL ISLANDS, REP. OF, CANADA"
205,2013-02-08 15:26:38.400,SOLOMON ISLANDS:  SANTA CRUZ ISLANDS,-10.928,166.018,21.0,7.0,5477,1,0.09,32.91966948445884,32.91966948445884,1,SOLOMON ISLANDS
206,2013-07-21 05:09:31.400,NEW ZEALAND:  COOK STRAIT,-41.704,174.337,17.0,6.5,5491,2,0.07,59.27305134891407,94.63493251324113,1,NEW ZEALAND
207,2013-09-24 11:29:48.000,"PAKISTAN:  AWARAN, KECH",26.951,65.501,15.0,7.7,5506,10,0.57,167.77649631544202,782.9742683375888,3,"IRAN, INDIA, OMAN"
208,2013-08-16 02:31:05.800,"NEW ZEALAND:  WELLINGTON, MARLBOROUGH",-41.734,174.152,8.0,6.5,5519,2,0.08,72.18809496073311,84.07310906279919,1,NEW ZEALAND
209,2013-10-25 17:10:19.700,JAPAN:  HONSHU:  E COAST,37.156,144.661,35.0,7.1,5533,8,0.4,306.2019424689361,1235.0528551769623,2,"JAPAN, RUSSIA"
210,2013-11-17 09:04:55.500,SCOTIA SEA:  SOUTH ORKNEY ISLANDS,-60.274,-46.401,10.0,7.7,5534,2,0.15,748.8234857319853,893.8351117494539,2,"UK TERRITORY, ANTARCTICA"
211,2014-03-16 21:16:29.600,CHILE:  IQUIQUE,-19.981,-70.702,20.0,6.7,5555,7,0.26,63.02194178276552,1189.6290305401374,2,"CHILE, PERU"
212,2014-04-01 23:46:47.300,"CHILE:  NORTHERN:  IQUIQUE, ALTO HOSPICIO",-19.61,-70.769,25.0,8.2,5557,195,4.63,58.262191691146256,17249.138492051115,18,"CHILE, PERU, FRENCH POLYNESIA, USA, NEW ZEALAND, USA TERRITORY, JAPAN, SAMOA, VANUATU, MEXICO, SOLOMON ISLANDS, TONGA, NEW CALEDONIA, AUSTRALIA, ECUADOR, CANADA, FIJI, COSTA RICA"
213,2014-04-03 02:43:13.100,CHILE:  NORTHERN:  IQUIQUE,-20.571,-70.493,22.0,7.7,5558,5,0.74,40.16972161080638,1042.436393162752,1,CHILE
214,2014-04-12 20:14:39.300,SOLOMON ISLANDS,-11.27,162.148,23.0,7.6,5559,5,0.05,403.9223145050983,1280.1820125230622,4,"SOLOMON ISLANDS, PAPUA NEW GUINEA, VANUATU, NEW CALEDONIA"
215,2014-04-13 12:36:19.200,SOLOMON ISLANDS,-11.463,162.051,39.0,7.4,5560,9,0.16,321.36228636609167,1264.3458401710195,4,"NEW CALEDONIA, SOLOMON ISLANDS, PAPUA NEW GUINEA, VANUATU"
216,2014-04-18 14:27:24.900,MEXICO:  GUERRERO; MEXICO CITY,17.397,-100.972,24.0,7.2,5563,3,0.43,67.64158909248052,141.39900177963432,1,MEXICO
217,2014-04-19 13:28:00.800,PAPUA NEW GUINEA:  SOLOMON SEA,-6.755,155.024,43.0,7.5,5564,1,0.11,153.23425903641422,153.23425903641422,1,SOLOMON ISLANDS
218,2014-06-23 20:53:09.700,ALASKA:  ALEUTIAN ISLANDS,51.849,178.735,109.0,7.9,5571,20,0.17,65.48726542709568,4049.461236610979,3,"USA, USA TERRITORY, CANADA"
219,2014-06-23 19:19:15.900,KERMADEC ISLANDS: SSE OF RAOUL ISLAND,-29.977,-177.725,20.0,6.9,5572,5,0.13,78.9823137840291,2731.6467159141475,2,"NEW ZEALAND, SOLOMON ISLANDS"
220,2014-07-11 19:22:00.800,JAPAN:  SANRIKU,37.005,142.453,20.0,6.5,5574,3,0.2,166.52449652039564,358.9681367605353,1,JAPAN
221,2014-07-25 10:54:50.400,ALASKA:  SOUTHEASTERN,58.335,-136.971,10.0,6.0,5575,1,0.08,38.88508574237891,38.88508574237891,1,USA
222,2014-10-09 02:14:31.400,CHILE: EASTER ISLAND REGION,-32.108,-110.811,17.0,7.0,5577,5,0.47,565.1423056700111,3812.3179109164657,2,"CHILE, FRENCH POLYNESIA"
223,2015-02-16 23:06:28.300,JAPAN:  HONSHU,39.856,142.881,23.0,6.7,5580,3,0.27,80.28570682128249,173.52358288305786,1,JAPAN
224,2015-03-29 23:48:31.000,PAPUA NEW GUINEA,-4.729,152.562,41.0,7.5,5581,2,0.5,70.46584510396968,478.2215810581751,2,"SOLOMON ISLANDS, PAPUA NEW GUINEA"
225,2015-02-19 13:18:32.800,VANUATU ISLANDS,-16.431,168.148,10.0,6.4,5582,1,8.0,9.29435577272855,9.29435577272855,1,VANUATU
226,2015-07-18 02:27:33.800,SOLOMON ISLANDS,-10.401,165.141,11.0,7.0,5588,3,0.09,80.51911450077783,1186.1801246948069,2,"NEW CALEDONIA, SOLOMON ISLANDS"
227,2015-07-10 04:12:42.500,SOLOMON ISLANDS,-9.307,158.403,12.0,6.7,5589,1,0.01,171.01181906321173,171.01181906321173,1,SOLOMON ISLANDS
228,2015-09-16 22:54:32.900,CHILE:  CENTRAL,-31.573,-71.674,22.0,8.3,5590,1109,13.6,18.170302694316348,18385.379869123448,24,"VANUATU, CHILE, ECUADOR, USA, MEXICO, COSTA RICA, AUSTRALIA, FRENCH POLYNESIA, USA TERRITORY, NEW ZEALAND, NEW CALEDONIA, JAPAN, TONGA, PERU, SOLOMON ISLANDS, PANAMA, SAMOA, CANADA, RUSSIA, FIJI, EL SALVADOR, COOK ISLANDS, PHILIPPINES, KIRIBATI"
229,2015-07-27 04:49:46.400,ALASKA,52.376,-169.446,29.0,6.9,5591,2,0.08,73.89979218219743,322.7130730968877,1,USA
230,2015-11-11 01:54:38.600,CHILE:  LA SERENA,-29.507,-72.007,12.0,6.9,5592,2,0.55,81.45198401729627,138.4506402459985,1,CHILE
231,2015-11-13 20:51:31.000,JAPAN:  KYUSYU ISLAND,31.001,128.873,12.0,6.7,5593,1,0.3,158.40173156939684,158.40173156939684,1,JAPAN
232,2015-11-17 07:10:07.300,"GREECE:  LEFKADA, KEFALONIA, ITHACA",38.67,20.6,11.0,6.5,5594,1,0.15,303.66460519409964,303.66460519409964,1,ITALY
233,2016-03-02 12:49:48.100,INDONESIA: SUMATRA:,-4.952,94.33,24.0,7.8,5598,9,0.21,673.3970478963299,2814.5586559466783,3,"INDONESIA, AUSTRALIA, THAILAND"
234,2016-04-16 23:58:37.000,"ECUADOR:  NEAR WEST COAST: MANABI, ESMERALDAS",0.382,-79.922,21.0,7.8,5599,6,0.6,73.06071814538204,1163.3442579480152,2,"ECUADOR, COSTA RICA"
235,2016-08-12 01:26:36.300,NEW CALEDONIA:  LOYALTY ISLANDS,-22.477,173.117,16.0,7.2,5604,1,0.19,516.2592101269163,516.2592101269163,1,VANUATU
236,2016-09-01 16:37:57.300,NEW ZEALAND:  GISBORNE,-37.359,179.146,19.0,7.0,5606,4,0.21,89.8720773179251,351.3149358275426,1,NEW ZEALAND
237,2014-10-14 03:51:34.500,EL SALVADOR:  GULF OF FONSECA,12.526,-88.123,40.0,7.3,5607,1,0.02,95.25343481902674,95.25343481902674,1,EL SALVADOR
238,2001-10-12 05:02:34.000,CANADA:  QUEEN CHARLOTTE ISLANDS,52.63,-132.2,20.0,6.1,5609,4,0.11,372.91590696922174,652.6809829211176,1,CANADA
239,2016-11-13 11:02:56.300,NEW ZEALAND:  AMBERLEY,-42.737,173.054,15.0,7.8,5613,15,6.5,44.56964177017696,868.3388433676174,1,NEW ZEALAND
240,2016-11-21 20:59:49.300,JAPAN: NEAR E COAST HONSHU,37.393,141.387,9.0,6.9,5618,43,1.44,61.31868998427176,3961.811931526785,3,"JAPAN, USA TERRITORY, RUSSIA"
241,2016-11-24 18:43:47.700,NICARAGUA,11.91,-88.897,10.0,6.9,5620,3,0.08,179.89744252258632,794.4208468752851,2,"EL SALVADOR, PANAMA"
242,2016-12-08 17:38:46.300,SOLOMON ISLANDS,-10.681,161.327,40.0,7.8,5630,12,0.43,204.4412066850431,1384.4604794578988,4,"SOLOMON ISLANDS, VANUATU, PAPUA NEW GUINEA, NEW CALEDONIA"
243,2016-12-09 19:10:06.800,SOLOMON ISLANDS,-10.749,161.132,20.0,6.9,5632,5,0.05,627.338703361787,1303.3407835218811,3,"NEW CALEDONIA, VANUATU, PAPUA NEW GUINEA"
244,2016-12-17 10:51:10.500,PAPUA NEW GUINEA:  NEW BRITAIN NEW IRELAND,-4.505,153.522,95.0,7.9,5636,5,0.08,400.9996621286184,2398.993387039167,3,"SOLOMON ISLANDS, PAPUA NEW GUINEA, NEW CALEDONIA"
245,2016-12-25 14:22:27.000,CHILE,-43.406,-73.941,38.0,7.6,5637,4,0.44,56.86343115593739,314.25766923838614,1,CHILE
246,2017-01-03 21:52:30.700,FIJI ISLANDS,-19.373,176.052,12.0,6.9,5639,2,0.07,285.1948058966777,712.734369340531,2,"FIJI, VANUATU"
247,1996-09-05 23:42:06.000,TAIWAN REGION,21.898,121.498,20.0,6.8,5641,3,0.11,103.25700064954954,334.5994278064717,1,TAIWAN
248,2017-01-22 04:30:23.000,PAPUA NEW GUINEA:  BOUGAINVILLE ISLAND,-6.246,155.172,135.0,7.9,5642,1,0.04,145.4372328813112,145.4372328813112,1,SOLOMON ISLANDS
249,2017-04-24 21:38:30.800,CHILE:  VALPARAISO,-33.038,-72.062,28.0,6.9,5647,4,0.16,40.57169805094025,111.93605791836896,1,CHILE
250,2017-05-01 12:31:03.000,ALASKA:  SKAGWAY; CANADA:  BRITISH COLUMBIA,59.821,-136.711,10.0,6.2,5649,1,0.06,181.69379293962533,181.69379293962533,1,USA
251,2017-06-12 12:28:39.200,GREECE: LESBOS,38.93,26.365,12.0,6.3,5652,1,0.2,5.014422370533828,5.014422370533828,1,GREECE
252,2017-07-17 23:35:34.000,RUSSIA: BERING ISLAND,54.443,168.857,10.0,7.7,5654,1,0.1,396.0857860345495,396.0857860345495,1,USA
253,2017-07-20 22:31:11.300,"TURKEY: BODRUM, DATCA; GREECE: KOS",36.929,27.414,7.0,6.6,5655,36,1.9,7.967322487933533,226.72857323431884,2,"TURKEY, GREECE"
254,2017-09-08 04:49:19.200,"MEXICO: OAXACA, CHIAPAS, TABASCO; GUATEMALA",15.022,-93.899,47.0,8.2,5658,63,2.7,91.54908196689072,11613.102909918116,16,"MEXICO, ECUADOR, CHILE, FRENCH POLYNESIA, USA, EL SALVADOR, COSTA RICA, SAMOA, USA TERRITORY, PANAMA, PERU, NEW ZEALAND, WALLIS AND FUTUNA (FRENCH TERRITORY), NEW CALEDONIA, VANUATU, FIJI"
255,2017-10-31 00:42:08.700,NEW CALEDONIA:  LOYALTY ISLANDS,-21.697,169.149,24.0,6.7,5663,4,0.15,132.72320326023404,256.8534181767078,2,"NEW CALEDONIA, VANUATU"
256,2017-11-01 02:23:57.700,NEW CALEDONIA:  LOYALTY ISLANDS,-21.648,168.859,22.0,6.6,5664,4,0.1,102.28760531403516,238.0152002385789,2,"NEW CALEDONIA, VANUATU"
257,2017-11-19 22:43:29.300,NEW CALEDONIA:  LOYALTY ISLANDS,-21.325,168.672,10.0,7.0,5670,6,0.37,86.03288010494617,591.2776933790451,2,"NEW CALEDONIA, VANUATU"
258,2018-01-10 02:51:33.300,HONDURAS,17.483,-83.52,19.0,7.5,5672,7,0.4,301.98119056088996,532.515936447907,4,"BELIZE, CAYMAN ISLANDS (UK TERRITORY), HONDURAS, MEXICO"
259,2018-01-23 09:31:40.900,ALASKA:  KODIAK ISLAND,56.004,-149.166,14.0,7.9,5673,64,0.25,88.88802412069575,8148.404677830044,5,"USA, CANADA, SAMOA, USA TERRITORY, FRENCH POLYNESIA"
260,2018-01-14 09:18:45.500,PERU: YAUCA,-15.768,-74.709,38.0,7.1,5675,1,0.15,66.93055925659648,66.93055925659648,1,PERU
261,2018-05-04 22:32:54.700,HAWAIIAN ISLANDS: PUNA DISTRICT,19.318,-155.0,6.0,6.9,5678,7,0.4,27.58545507744105,539.6680779516929,1,USA
262,2018-08-05 11:46:38.600,INDONESIA:  LOMBOK ISLAND,-8.258,116.438,34.0,6.9,5685,4,2.0,15.205389010935557,145.54097591634377,1,INDONESIA
263,2018-08-29 03:51:56.100,NEW CALEDONIA:  LOYALTY ISLANDS,-22.03,170.126,21.0,7.1,5688,8,0.27,238.62057649566543,968.8359858260606,3,"FIJI, VANUATU, NEW CALEDONIA"
264,2018-09-28 10:02:45.300,INDONESIA:  SULAWESI,-0.256,119.846,20.0,7.5,5689,287,10.73,5.472724278621727,288.5797796580751,1,INDONESIA
265,2018-10-25 22:54:52.600,"GREECE:  IONIAN SEA:  ZAKYNTHOS, STROFADES",37.52,20.557,14.0,6.8,5690,11,1.5,34.2181385866981,746.5452247653451,2,"GREECE, ITALY"
266,2018-12-05 04:18:42.000,NEW CALEDONIA:  LOYALTY ISLANDS,-21.95,169.427,10.0,7.5,5698,31,4.0,165.65361997728328,5987.648867883125,10,"AUSTRALIA, FIJI, NEW CALEDONIA, NEW ZEALAND, TONGA, TUVALU, USA, USA TERRITORY, VANUATU, SAMOA"
267,2012-03-09 07:09:50.900,VANUATU ISLANDS,-19.125,169.613,16.0,6.7,5706,2,0.08,204.93153695435936,439.7833167186187,2,"NEW CALEDONIA, VANUATU"
268,2019-06-14 00:19:12.000,CHILE:  COQUIMBO,-30.056,-72.082,11.0,6.4,5710,1,0.07,52.6362834267869,52.6362834267869,1,CHILE
269,2019-06-15 22:55:02.000,"KERMADEC ISLANDS:  S OF, RAOUL",-30.805,-178.095,34.0,7.2,5711,9,0.14,170.15445505407453,2193.245015880271,2,"NEW ZEALAND, VANUATU"
270,2019-06-18 13:22:19.000,JAPAN:  NIIGATA PREFECTURE,38.646,139.472,12.0,6.4,5712,8,0.11,11.093535753374764,264.8013674971443,1,JAPAN
271,2009-07-01 09:30:10.400,GREECE:  CRETE,34.164,25.471,19.0,6.4,5713,1,0.3,91.86273144893087,91.86273144893087,1,GREECE
272,2011-05-10 08:55:09.000,NEW CALEDONIA:  LOYALTY ISLANDS,-20.244,168.226,11.0,6.8,5721,1,0.03,250.50312597980889,250.50312597980889,1,NEW CALEDONIA
273,2015-11-18 18:31:04.600,SOLOMON ISLANDS,-8.899,158.422,13.0,6.8,5722,1,0.1,1696.4913961452608,1696.4913961452608,1,NEW CALEDONIA
274,2017-11-19 09:25:48.700,NEW CALEDONIA:  LOYALTY ISLANDS,-21.638,168.673,14.0,6.3,5723,1,0.05,209.24533532210552,209.24533532210552,1,NEW CALEDONIA
275,2017-11-19 15:09:02.900,NEW CALEDONIA:  LOYALTY ISLANDS,-21.503,168.598,13.0,6.6,5724,1,0.08,205.0723251328065,205.0723251328065,1,NEW CALEDONIA
276,2018-10-16 01:03:43.600,NEW CALEDONIA:  LOYALTY ISLANDS,-21.743,169.522,17.0,6.5,5725,1,0.05,294.60663146340323,294.60663146340323,1,NEW CALEDONIA
277,2019-11-14 16:17:40.000,INDONESIA:  MOLUCCA ISLANDS:  N,1.6,126.416,33.0,7.1,5733,8,0.11,131.62207656260566,453.2484039823963,1,INDONESIA
278,2009-09-02 07:55:01.000,INDONESIA:  JAVA,-7.782,107.297,46.0,7.0,5734,1,0.4,44.35342811391086,44.35342811391086,1,INDONESIA
279,2020-01-07 08:24:26.000,"PUERTO RICO:  PONCE,SAN JUAN",17.916,-66.813,10.0,6.4,5736,6,0.06,25.168558572090227,225.5036612364127,2,"USA TERRITORY, DOMINICAN REPUBLIC"
280,2020-01-28 19:10:25.000,CUBA: GRANMA;  CAYMAN IS;  JAMAICA,19.44,-78.755,10.0,7.7,5740,1,0.11,276.609403430473,276.609403430473,1,CAYMAN ISLANDS (UK TERRITORY)
281,2020-03-25 02:49:21.000,RUSSIA:  KURIL ISLANDS,48.986,157.693,57.0,7.5,5746,14,0.25,219.72474451273948,5898.659745094306,3,"USA, RUSSIA, CANADA"
282,2020-05-02 12:51:06.000,GREECE:  CRETE,34.205,25.712,17.0,6.6,5747,13,0.95,73.65674152359142,512.9529832250541,2,"GREECE, EGYPT"
283,2020-06-18 12:49:53.000,"KERMADEC ISLANDS:  S OF, RAOUL",-33.294,-177.838,10.0,7.4,5750,2,0.11,690.0907482784854,852.1728849821706,1,NEW ZEALAND
284,2020-06-23 15:29:05.000,MEXICO: OAXACA,16.029,-95.901,26.0,7.4,5751,9,1.57,35.71483331751403,716.1613475621767,1,MEXICO
285,2020-07-22 06:12:44.000,ALASKA,55.03,-158.522,28.0,7.8,5753,8,0.24,130.6728300943465,2371.5696722131893,2,"USA, CANADA"
286,2020-10-19 20:54:39.000,ALASKA,54.608,-159.655,33.0,7.6,5755,33,0.76,97.61003532189125,3890.728175734193,2,"USA, CANADA"
287,2020-10-30 11:51:27.000,GREECE:  SAMOS; TURKEY:  IZMIR,37.918,26.79,21.0,7.0,5757,238,5.3,12.3965789222972,320.5303728420584,2,"GREECE, TURKEY"
288,2020-12-27 21:39:14.000,CHILE:  OFF COAST CENTRAL,-39.343,-74.99,10.0,6.7,5760,1,0.16,174.19905801335287,174.19905801335287,1,CHILE
289,2021-01-23 23:36:50.000,SCOTIA SEA:  SOUTH SHETLAND ISLANDS,-61.825,-55.494,10.0,6.9,5762,2,0.04,207.52265889101056,229.2102722119278,1,ANTARCTICA
290,2021-02-10 13:19:55.000,NEW CALEDONIA:  LOYALTY ISLANDS,-23.054,171.601,10.0,7.7,5763,39,0.78,418.378444812457,11871.22256809484,10,"VANUATU, NEW CALEDONIA, FIJI, AUSTRALIA, NEW ZEALAND, WALLIS AND FUTUNA (FRENCH TERRITORY), SAMOA, TUVALU, TONGA, COSTA RICA"
291,2021-03-04 13:27:36.000,NEW ZEALAND:  GISBORNE,-37.563,179.444,20.0,7.3,5769,8,0.28,97.20839865384588,954.1981550630716,1,NEW ZEALAND
292,2021-03-04 17:41:25.000,"KERMADEC ISLANDS:  S OF, RAOUL",-29.613,-177.843,55.0,7.4,5770,11,0.31,37.24610343082771,9734.50919221586,4,"NEW ZEALAND, AUSTRALIA, FRENCH POLYNESIA, ECUADOR"
293,2021-03-04 19:28:31.000,KERMADEC ISLANDS: SSE OF RAOUL ISLAND,-29.74,-177.267,19.0,8.1,5771,166,1.0,700.9333933314144,17320.842001744022,33,"TONGA, FIJI, COOK ISLANDS, AUSTRALIA, NEW ZEALAND, SAMOA, VANUATU, FRENCH POLYNESIA, NEW CALEDONIA, USA, CHILE, ECUADOR, MEXICO, COSTA RICA, JAPAN, NAURU, WALLIS AND FUTUNA (FRENCH TERRITORY), GHANA, PERU, MICRONESIA, FED. STATES OF, PAPUA NEW GUINEA, SOLOMON ISLANDS, FRENCH SOUTHERN AND ANTARCTIC TERRITORIES, MARSHALL ISLANDS, REP. OF, EL SALVADOR, USA TERRITORY, MAURITIUS, REUNION (FRENCH TERRITORY), ANTARCTICA, UK TERRITORY, CANADA, RUSSIA, KIRIBATI"
294,2021-03-18 00:04:06.000,ALGERIA: BEJAIA,36.915,5.199,8.0,6.0,5776,3,0.05,340.3708243036228,691.3491357622955,3,"SPAIN, ITALY, FRANCE"
295,2021-06-16 04:43:07.000,INDONESIA: MALUKU,-3.593,129.503,10.0,5.8,5788,3,0.51,24.31901764901411,111.9621592321485,1,INDONESIA
296,2014-05-24 09:25:02.400,"GREECE, TURKEY",40.289,25.389,6.0,6.9,5790,1,0.16,43.40052885845598,43.40052885845598,1,TURKEY
297,2016-01-25 04:22:02.700,MOROCCO:  MELILLA,35.649,-3.682,12.0,6.3,5792,2,0.02,119.71827401217446,135.20787155487386,1,SPAIN
298,2013-10-12 13:11:53.400,GREECE:  CRETE:  CHANIA,35.514,23.252,40.0,6.6,5794,1,0.01,108.09099288308124,108.09099288308124,1,GREECE
299,2018-05-06 06:03:59.300,JAPAN:  HONSHU:  S. OF,31.444,140.193,10.0,5.4,5796,1,0.15,187.97053469287033,187.97053469287033,1,JAPAN
300,2021-07-29 06:15:47.000,ALASKA PENINSULA,55.325,-157.841,32.0,8.2,5799,62,0.42,168.87867606596217,4024.3606514210232,2,"USA, CANADA"
301,2021-08-11 17:46:14.000,PHILIPPINES:  MINDANAO,6.455,126.742,65.0,7.1,5801,2,0.05,142.12351434086517,580.808780360206,2,"PHILIPPINES, INDONESIA"
302,2021-08-12 18:35:20.000,SOUTH SANDWICH ISLANDS,-58.416,-25.321,48.0,8.1,5802,68,0.64,828.9741912156331,17672.456308197405,19,"UK TERRITORY, REUNION (FRENCH TERRITORY), ANTARCTICA, SOUTH AFRICA, FRENCH SOUTHERN AND ANTARCTIC TERRITORIES, MAURITIUS, MADAGASCAR, ARGENTINA, BRAZIL, GHANA, FRENCH POLYNESIA, CAPE VERDE, AUSTRALIA, CHILE, SPAIN, AZORES (PORTUGAL), USA, CANADA, NEW ZEALAND"
303,2021-08-14 12:29:08.000,HAITI,18.408,-73.475,10.0,7.2,5803,3,0.05,116.49330954389788,1430.243194033411,2,"HAITI, MEXICO"
304,1994-09-16 06:20:18.700,TAIWAN REGION,22.528,118.711,13.0,6.7,5804,3,0.24,143.90753247120907,220.03036394426232,2,"TAIWAN, CHINA"
305,2006-11-13 08:02:44.400,TAIWAN REGION,20.656,119.997,14.0,5.2,5805,1,0.15,447.5311833655264,447.5311833655264,1,CHINA
306,2021-09-08 01:47:47.000,MEXICO:  GUERRERO,16.982,-99.773,20.0,7.0,5806,1,0.48,21.11932634281912,21.11932634281912,1,MEXICO
307,2021-12-14 03:20:24.000,INDONESIA:  FLORES REGION,-7.603,122.2,18.0,7.3,5822,2,0.07,138.77510399800966,207.16913695630245,1,INDONESIA
308,2021-02-13 14:07:50.000,JAPAN:  OFF FUKUSHIMA,37.745,141.749,49.0,7.1,5823,4,0.1,69.57015147066036,97.61796937656216,1,JAPAN
309,2022-01-29 02:46:39.000,NEW ZEALAND: KERMADEC ISLANDS,-29.531,-176.749,10.0,6.5,5828,1,0.1,114.59604189548624,114.59604189548624,1,NEW ZEALAND
310,2022-03-16 14:36:33.000,JAPAN:  OFF FUKUSHIMA,37.702,141.587,63.0,7.3,5832,11,0.31,56.52938052813204,314.3259872070166,1,JAPAN
311,2022-03-30 20:56:58.000,NEW CALEDONIA:  LOYALTY ISLANDS,-22.716,170.286,10.0,6.9,5833,3,0.07,280.15900358828213,379.86722423313023,1,NEW CALEDONIA
312,2022-03-31 05:44:01.000,NEW CALEDONIA:  LOYALTY ISLANDS,-22.579,170.354,10.0,7.0,5834,1,0.05,279.9903164826767,279.9903164826767,1,NEW CALEDONIA
313,2022-07-27 00:43:24.000,PHILIPPINES: LUZON: ABRA,17.56,120.801,10.0,7.0,5855,1,0.08,60.788123282987456,60.788123282987456,1,PHILIPPINES
314,2022-09-19 18:05:06.000,"MEXICO:  MICHOACAN, COLIMA, JALISCO",18.367,-103.252,15.0,7.6,5859,10,1.2,123.04608781254449,2545.4295630942956,3,"MEXICO, ECUADOR, USA"
315,2022-11-11 10:48:45.000,TONGA ISLANDS,-19.318,-172.1,24.0,7.3,5866,4,0.12,211.5023355202704,577.8233989313119,2,"TONGA, USA TERRITORY"
316,2022-11-22 02:03:07.000,SOLOMON ISLANDS: HONIARA,-9.812,159.596,15.0,7.0,5867,1,0.03,57.85584951559949,57.85584951559949,1,SOLOMON ISLANDS
317,2022-11-30 10:48:00.000,NEW ZEALAND:  TAUPO,-38.808,175.906,7.0,5.4,5869,3,1.0,10.239151544146926,14.964805320114552,1,NEW ZEALAND
318,2023-01-09 17:47:35.000,INDONESIA:  BANDA SEA,-7.049,130.038,105.0,7.6,5871,2,0.09,129.4455877154237,185.47729872357667,1,INDONESIA
319,2023-02-06 01:17:35.000,TURKEY: KAHRAMANMARAS; SYRIA,37.166,37.042,17.0,7.8,5873,10,0.25,99.88015137875996,771.1581818967226,2,"CYPRUS, TURKEY"
320,2023-03-16 00:56:02.000,KERMADEC ISLANDS,-30.115,-176.112,22.0,7.0,5876,2,0.11,195.75560033939675,198.10889322549124,1,NEW ZEALAND
321,2023-04-24 20:00:57.000,INDONESIA:  SUMATRA:  MENTAWAI ISLANDS,-0.799,98.524,34.0,7.1,5878,1,0.11,29.60214096627021,29.60214096627021,1,INDONESIA
322,2023-04-24 00:41:55.000,KERMADEC ISLANDS:  S OF,-29.968,-177.826,43.0,7.1,5879,2,0.11,76.54930417207767,79.81788454640564,1,NEW ZEALAND
323,2023-05-05 05:42:04.000,"JAPAN: HONSHU: ISHIKAWA, TOYAMA",37.54,137.305,8.0,6.2,5880,2,0.1,14.403532417061822,39.050944123184344,1,JAPAN
324,2023-05-19 02:57:06.000,NEW CALEDONIA:  LOYALTY ISLANDS,-23.229,170.694,37.0,7.7,5881,17,0.61,344.66140899479467,2290.79318745335,5,"NEW CALEDONIA, VANUATU, FIJI, NEW ZEALAND, AUSTRALIA"
325,2023-05-20 01:51:01.000,NEW CALEDONIA:  LOYALTY ISLANDS,-23.062,170.456,36.0,7.1,5882,4,0.14,314.1925570459547,462.7976373502934,1,NEW CALEDONIA
326,2023-07-16 06:48:22.000,ALASKA PENINSULA,54.46,-160.76,32.0,7.2,5883,2,0.15,99.02208907385668,120.1907512117942,1,USA
327,2023-10-05 01:59:58.000,JAPAN:  IZU ISLANDS,29.94,139.95,10.0,6.1,5890,1,0.3,350.80694132844985,350.80694132844985,1,JAPAN
328,2023-11-22 04:47:33.000,VANUATU ISLANDS: MAEWO,-14.985,167.983,22.0,6.7,5902,1,0.06,137.54308876193898,137.54308876193898,1,VANUATU
329,2023-12-02 14:37:03.000,PHILIPPINES:  MINDANAO:  E,8.527,126.449,32.0,7.6,5903,26,0.32,25.679164716047584,3225.7652025966877,3,"PALAU, PHILIPPINES, JAPAN"
330,2023-12-07 12:56:30.000,VANUATU:  TANNA ISLAND,-20.659,169.206,48.0,7.1,5904,3,0.08,124.8606273655276,335.014681196458,2,"VANUATU, NEW CALEDONIA"
331,2024-01-01 07:10:09.000,JAPAN: HONSHU: ISHIKAWA,37.498,137.242,10.0,7.5,5907,338,7.23,3.924741274845621,1132.0394560974637,3,"JAPAN, RUSSIA, SOUTH KOREA"
332,2006-10-23 21:17:19.000,JAPAN:  IZU ISLANDS,29.351,140.27,11.0,6.4,5910,5,0.8,313.45410536195124,625.7861638021996,1,JAPAN
333,2024-04-02 23:58:11.000,TAIWAN:  HUA-LIEN,23.819,121.562,34.0,7.4,5919,12,1.0,17.512109676378543,393.0080702634256,2,"TAIWAN, JAPAN"
334,2024-06-28 05:36:37.000,PERU:  AREQUIPA,-15.811,-74.445,28.0,7.2,5921,1,0.2,21.58095783419001,21.58095783419001,1,PERU
335,2024-08-08 07:42:55.000,JAPAN:  MIYAZAKI,31.719,131.527,25.0,7.1,5922,8,0.5,18.337282417567685,301.6957432261479,1,JAPAN
336,1994-09-17 16:51:33.000,PAPUA NEW GUINEA:  NEW BRITAIN:  RABAUL,-4.166,152.429,33.0,4.6,5927,1,0.3,29.164004301063088,29.164004301063088,1,PAPUA NEW GUINEA
337,2011-03-09 21:24:01.000,JAPAN:  SANRIKU,38.296,142.808,15.0,6.5,5931,1,0.06,114.41831643873915,114.41831643873915,1,JAPAN
338,2024-09-23 23:14:19.000,JAPAN:  IZU ISLANDS,31.546,140.064,11.0,5.6,5938,6,0.5,174.58107125898297,364.5808602521258,1,JAPAN
339,2024-12-05 18:44:21.000,CALIFORNIA: OFFSHORE CAPE MENDOCINO,40.374,-125.022,10.0,7.0,5940,2,0.09,197.3256333419761,207.50418137359935,1,USA
340,2024-12-17 01:47:26.000,"VANUATU ISLANDS:  EFATE, PORT VILA",-17.686,168.034,57.0,7.3,5942,2,0.25,30.027571660211557,242.23422802311168,1,VANUATU
